Profession;Moyenne;Variance;Mediane;Max;Min;Somme;Nombre de valeurs;Pourcentage;Dépenses par Ménage
"Manœuvres non agricoles, manutentionnaires et travailleurs des petits métiers";52678.11731652004;882134454.4514791;46203.9;324949.8;9061.0;107779428.0296;2046;12.81%;52678.11731652004
"Exploitants et ouvriers agricoles (y compris pêche, chasse et forêt)";58213.65644129978;1509465706.2582552;48187.7;454481.0;6618.6;185119427.48333332;3180;19.91%;58213.65644129978
"Artisans et ouvriers qualifies et conducteurs d'installations et de machines et ouvriers de l'assemblage";65465.99347454085;1649830578.4611638;55489.3;579337.6;8274.8;206741607.3926;3158;19.77%;65465.99347454085
"Cadres moyens et employés de bureau";98465.23601490949;4036463556.370748;83233.0;920709.0;9923.6;154098094.36333334;1565;9.80%;98465.23601490949
"Commerçants, intermédiaires commerciaux et financiers";81420.23187370396;3602018193.7914367;64627.2;559998.6;10105.0;115698149.49253333;1421;8.90%;81420.23187370396
"Inactif";80625.9597820045;3995686785.7225156;63383.0;948590.2999999999;4286.0;322584465.0878;4001;25.05%;80625.9597820045
"directeurs et cadres de direction, membres des corps législatifs,cadres supérieurs et membres des professions libérales";206243.31743811502;22403956187.350895;169859.8;1224977.4;12046.0;99203035.68773332;481;3.01%;206243.31743811502
"Chômeur n'ayant jamais travaillés";61785.670720720715;3680554793.298617;44103.29999999999;402871.9333333333;14524.0;4572139.633333333;74;0.46%;61785.670720720715
"Non déclaré";69098.14545454545;4606894134.7642975;53756.5;464425.6;10213.6;3040318.4;44;0.28%;69098.14545454545